status,geoname_id,name,ascii_name,name_zh,population
✓,13308620,Bao'an,Bao'an,宝安,4476554
✓,13512505,Lüliang,Lueliang,吕梁,3346500
✓,1797873,Huai'an,Huai'an,淮安,2494013
✓,10859300,Lianyungang,Lianyungang,连云港,2001009
✓,11838258,Bayan Nur,Bayan Nur,巴彦淖尔,1760000
✓,1793724,Tai’an,Tai'an,泰安,1735425
✓,7283386,Changshu,Changshu,常熟,1677050
✓,1807681,Huainan,Huainan,淮南,1666826
✓,12358576,Wanzhou,Wanzhou,万州,1545900
✓,1806602,Cixi,Cixi,慈溪,1457510
✓,10942359,Baoji,Baoji,宝鸡,1437802
✓,1793771,Suqian,Suqian,宿迁,1437685
✓,1788534,Xinyang,Xinyang,信阳,1230042
✓,10942283,Jinzhong,Jinzhong,晋中,1226617
✓,1808956,Changzhi,Changzhi,长治,1214940
✓,13405906,Luohu District,Luohu District,罗湖区,1143801
✓,1786746,Yichun,Yichun,伊春,1045952
✓,1806535,Huzhou,Huzhou,湖州,1015937
✓,1808857,Hanzhong,Hanzhong,汉中,1006557
✓,7602670,Zhu Cheng City,Zhu Cheng City,诸城,1000000
✓,2036662,Huludao,Huludao,葫芦岛,944495
✓,1886762,Zhoushan,Zhoushan,舟山,882932
✓,1799194,Guang’an,Guang'an,广安,858159
✓,1785412,Zhabei,Zhabei,闸北,840000
✓,1788508,Xinyu,Xinyu,新余,839488
✓,1793703,Taicang,Taicang,太仓,831113
✓,1788081,Xuancheng,Xuancheng,宣城,774332
✓,1801620,Ma’anshan,Ma'anshan,马鞍山,741531
✓,12324556,Shizuishan,Shizuishan,石嘴山,739400
✓,1787351,Yangquan,Yangquan,阳泉,731228
✓,1783873,Zhumadian,Zhumadian,驻马店,721670
✓,1815463,Changzhi,Changzhi,长治,699514
✓,1785738,Yuncheng,Yuncheng,运城,680036
✓,2035513,Panshan,Panshan,盘山,625040
✓,1806096,Jiaozhou,Jiaozhou,胶州,619266
✓,13512502,Mengzi,Mengzi,蒙自,595100
✓,2033370,Yingkou,Yingkou,营口,591159
✓,1809412,Guli,Guli,古里,536000
✓,1796068,Shangluo,Shangluo,商洛,531696
✓,1790396,Xianning,Xianning,咸宁,512517
✓,12492662,"Mianzhu, Deyang, Sichuan","Mianzhu, Deyang, Sichuan",绵竹,510000
✓,13527052,Chéngguān Qū,Chengguan Qu,城关区,478275
✓,1805741,Jincheng,Jincheng,晋城,476945
✓,1794794,Shouguang,Shouguang,寿光,473620
✓,1805680,Jingdezhen,Jingdezhen,景德镇,473561
✓,1816858,Basuo,Basuo,八所,444458
✓,2038365,Bei’an,Bei'an,北安,436444
✓,1809152,Guyuan,Guyuan,固原,411854
✓,1810458,Gaomi,Gaomi,高密,391986
✓,7304020,Fenghuang,Fenghuang,凤凰,370000
✓,8537264,Huanggang,Huanggang,黄冈,366769
✓,1817990,Anqiu,Anqiu,安丘,364208
✓,8067345,Lhoka,Lhoka,山南,353700
✓,1798900,Pengze,Pengze,彭泽,350000
✓,8054802,Xilinhot,Xilinhot,锡林浩特,349953
✓,1813206,Daye,Daye,大冶,347406
✓,12277239,Yunlong,Yunlong,云龙,345393
✓,1785716,Pizhou,Pizhou,邳州,343421
✓,1794479,Laixi,Laixi,莱西,341470
✓,2034439,Tieling,Tieling,铁岭,333907
✓,12358476,Hechi,Hechi,河池,330131
✓,1803590,Lincang,Lincang,临沧,323708
✓,1787323,Yangshuo,Yangshuo,阳朔,300000
✓,1803364,Linqu,Linqu,临朐,299646
✓,1281743,Artux,Artux,阿图什,285000
✓,1804866,Kaili,Kaili,凯里,275745
✓,12492660,Longling County,Longling County,龙陵,270000
✓,2036670,Hulan Ergi,Hulan Ergi,呼兰,265344
✓,1812228,Dongtai,Dongtai,东台,262873
✓,2034400,Tongliao,Tongliao,通辽,261110
✓,1799471,Nianbo,Nianbo,碾伯,260184
✓,1815669,Changle,Changle,长乐,259161
✓,2036458,Jining,Jining,济宁,258757
✓,10942183,Rugao,Rugao,如皋,257400
✓,1793899,Suicheng,Suicheng,遂城,256665
✓,1800234,Nada,Nada,纳达,256652
✓,1787031,Yanzhou,Yanzhou,兖州,254788
✓,1792260,Wafangdian,Wafangdian,瓦房店,250591
✓,1806988,Huayin,Huayin,华阴,242488
✓,1805012,Jiyuan,Jiyuan,济源,242143
✓,1790371,Xiantao,Xiantao,仙桃,239406
✓,1786731,Qingzhou,Qingzhou,青州,236406
✓,1785974,Yuci,Yuci,榆次,235929
✓,1807508,Huanggang,Huanggang,黄冈,225956
✓,1805618,Jingling,Jingling,京陵,224871
✓,1788618,Xintai,Xintai,新泰,222459
✓,1790894,Wuxue,Wuxue,武穴,220661
✓,1791249,Wuhai,Wuhai,乌海,218427
✓,12358616,Yintai,Yintai,印台,217509
✓,1805298,Jinzhou,Jinzhou,锦州,215386
✓,1801909,Luojiang,Luojiang,洛江,212186
✓,2037078,Hailar,Hailar,海拉尔,211066
✓,1814082,Daliang,Daliang,大良,210411
✓,1808931,Hangu,Hangu,汉沽,208369
✓,13512708,Nyingchi,Nyingchi,林芝,200000
✓,1803551,Beiliu,Beiliu,北流,199769
✓,1811764,Duyun,Duyun,都匀,198516
✓,1804850,Kaiyuan,Kaiyuan,开原,198423
✓,13512503,Lushui,Lushui,泸水,197000
✓,1798972,Peicheng,Peicheng,沛城,195363
✓,1811619,Ezhou,Ezhou,鄂州,193652
✓,1806696,Humen,Humen,虎门,191891
✓,2037086,Haicheng,Haicheng,海城,191651
✓,1804578,Laizhou,Laizhou,莱州,188000
✓,7910932,Shangri-La,Shangri-La,香格里拉,186400
✓,1785462,Zaoyang,Zaoyang,枣阳,184509
✓,1784617,Zhenping Chengguanzhen,Zhenping Chengguanzhen,镇平城关镇,181528
✓,12492669,Pingwu County,Pingwu County,平武县,180000
✓,1789137,Xindi,Xindi,新堤,175761
✓,2036401,Jiutai,Jiutai,九台,175115
✓,2037620,Dongling,Dongling,东丽,171454
✓,1804586,Laiyang,Laiyang,莱阳,169594
✓,2034312,Ulanhot,Ulanhot,乌兰浩特,165846
✓,1794060,Songcheng,Songcheng,松城,165730
✓,1811200,Fengcheng,Fengcheng,丰城,161850
✓,1784554,Zhicheng,Zhicheng,枝城,159383
✓,1919014,Lianghu,Lianghu,梁湖,155000
✓,2038342,Beipiao,Beipiao,北票,154999
✓,1809879,Guangshui,Guangshui,广水,154771
✓,1816265,Boshan,Boshan,博山,153596
✓,1814786,Yangchun,Yangchun,阳春,153547
✓,1798919,Pengpu,Pengpu,彭浦,152725
✓,2034638,Sujiatun,Sujiatun,苏家屯,148113
✓,1281105,Yushu,Yushu,玉树,141308
✓,2037222,Gongzhuling,Gongzhuling,公主岭,140909
✓,2036776,Huadian,Huadian,桦甸,139047
✓,2037335,Fuyu,Fuyu,扶余,138704
✓,7303248,Jiashan,Jiashan,嘉善,137112
✓,1794806,Huinong,Huinong,惠农,136570
✓,2036597,Jiagedaqi,Jiagedaqi,加格达奇,135760
✓,1805962,Jiawang,Jiawang,贾汪,133861
✓,1798473,Puqi,Puqi,蒲圻,132891
✓,1791272,Wugang,Wugang,武冈,132457
✓,1813344,Dawukou,Dawukou,大武口,131880
✓,1794035,Songjiang,Songjiang,松江,130218
✓,1791325,Wuda,Wuda,乌达,129922
✓,1804208,Leiyang,Leiyang,耒阳,129116
✓,1280037,Shache,Shache,莎车,128145
✓,1885823,Jiangyou,Jiangyou,江油,127225
✓,1805543,Jingzhi,Jingzhi,景芝,126703
✓,1789703,Xiazhen,Xiazhen,夏镇,125667
✓,1809062,Haimen,Haimen,海门,125427
✓,1796421,Shahecheng,Shahecheng,沙河,125132
✓,1804252,Lecheng,Lecheng,乐城,124268
✓,2036403,Jiupu,Jiupu,九圃,123843
✓,1801799,Luoyang,Luoyang,洛阳,123144
✓,1807112,Huangzhou,Huangzhou,黄州,122563
✓,1788268,Xiulin,Xiulin,秀林,122411
✓,1784178,Zhoucun,Zhoucun,周村,122402
✓,2033824,Xilin Hot,Xilin Hot,锡林浩特,120965
✓,1803782,Lichuan,Lichuan,利川,120587
✓,2037411,Fengcheng,Fengcheng,丰城,120514
✓,13308659,Bao'an Centre,Bao'an Centre,宝安,120170
✓,2035966,Longjing,Longjing,龙井,117185
✓,1809408,Gulin,Gulin,古里,116527
✓,1815276,Chenggu,Chenggu,城关区,116375
✓,2033536,Yakeshi,Yakeshi,牙克石,116284
✓,1818020,Anliu,Anliu,安流,115560
✓,1800498,Mingshui,Mingshui,明水,114858
✓,1791706,Wayaobu,Wayaobu,瓦窑堡,113698
✓,2035399,Songyuan,Songyuan,松原,113611
✓,1801615,Maba,Maba,马坝,113609
✓,2036337,Kaiyuan,Kaiyuan,开原,112462
✓,1813425,Datun,Datun,大屯,110258
✓,1803352,Linshui,Linshui,邻水,109955
✓,1795184,Shilong,Shilong,石龙,109733
✓,1806439,Jianchang,Jianchang,建昌,109108
✓,1786546,Zhongxiang,Zhongxiang,钟祥,108883
✓,2037712,Dehui,Dehui,德惠,108818
✓,1787828,Xuyong,Xuyong,叙永,108352
✓,2036595,Jalai Nur,Jalai Nur,扎赉诺尔,107828
✓,1803886,Anning,Anning,安宁,106795
✓,1816221,Buhe,Buhe,布和,106347
✓,1784820,Xinghua,Xinghua,兴化,105918
✓,12324302,Yidu,Yidu,宜都,105070
✓,1800829,Wuchuan,Wuchuan,吴川,104168
✓,2035196,Salaqi,Salaqi,萨拉齐,104090
✓,2036418,Jishu,Jishu,吉舒,103988
✓,1816865,Bashan,Bashan,巴山,103748
✓,1997228,Hedong,Hedong,河东,101825
✓,1807738,Huacheng,Huacheng,花城,101165
✓,1788492,Xinzhai,Xinzhai,新寨,100168
✓,1802171,Kangding,Kangding,康定,100000
✗,1797959,Qincheng,Qincheng,,99987
✗,12358512,Menghuan,Menghuan,,99970
✗,1812256,Dongsheng,Dongsheng,,99809
✗,1803522,Linghe,Linghe,,99069
✓,2033766,Xingcheng,Xingcheng,兴城,98968
✗,1786783,Yeyuan,Yeyuan,,97936
✗,1809849,Guanhu,Guanhu,,97705
✗,1807761,Houzhen,Houzhen,,96737
✗,1810136,Gongguan,Gongguan,,96492
✗,1802177,Lubu,Lubu,,95820
✓,1805408,Jinsha,Jinsha,金山,95647
✗,1795632,Shenjiamen,Shenjiamen,,95433
✓,1789998,Xiaoshan,Xiaoshan,萧山,95234
✗,1811844,Dunhou,Dunhou,,94445
✗,1816821,Bayan Hot,Bayan Hot,,94445
✗,1786455,Yishui,Yishui,,94115
✗,1813755,Daotian,Daotian,,93728
✗,1529626,Baijiantan,Baijiantan,,93697
✗,2037930,Dalai,Dalai,,93297
✗,1793315,Tangwu,Tangwu,,93260
✗,1805947,Jiayue,Jiayue,,93228
✗,12324243,Yingqiu,Yingqiu,,92564
✗,1812621,Dongcun,Dongcun,,92282
✓,1813828,Danjiangkou,Danjiangkou,丹江口,92008
✗,1806960,Huazhou,Huazhou,,91701
✗,1788944,Xingren,Xingren,,91579
✗,12324474,Tanfang,Tanfang,,91460
✓,2036075,Lingyuan,Lingyuan,凌源,91418
✗,1808879,Hanting,Hanting,,90637
✓,1792592,Tongren,Tongren,铜仁,90593
✗,1789462,Xihe,Xihe,,90422
✓,1794140,Sishui,Sishui,泗水,90175
✗,1810668,Gantang,Gantang,,90000
✗,1807695,Huaidian,Huaidian,,89978
✓,1817456,Baisha,Baisha,白山,89759
✗,1804162,Lengshuitan,Lengshuitan,,88935
✗,1789691,Xiazhuang,Xiazhuang,,88710
✗,1812138,Dongxing,Dongxing,,88607
✗,1803402,Linjiacun,Linjiacun,,88509
✓,1808133,Honghe,Honghe,红河,88458
✓,1808977,Hanchuan,Hanchuan,汉川,87737
✗,1792795,Tiefu,Tiefu,,87689
✗,1787925,Xujiang,Xujiang,,87459
✓,2035746,Mishan,Mishan,密山,87257
✗,1794825,Shizilu,Shizilu,,86749
✗,1818019,Anlong,Anlong,,86416
✗,1800088,Nanfeng,Nanfeng,,86129
✓,11778484,Longnan,Longnan,陇南,85826
✓,2036933,Helong,Helong,和龙,85756
✗,1800107,Nanding,Nanding,,85495
✗,1280757,Laojunmiao,Laojunmiao,,84769
✗,1893595,Dacheng,Dacheng,,84620
✓,1800629,Mianyang,Mianyang,绵阳,84606
✗,1813088,Dazhong,Dazhong,,84323
✓,1805334,Jinxiang,Jinxiang,金乡,84231
✗,12324303,Dongxia,Dongxia,,84083
✗,1786515,Yinma,Yinma,,83872
✗,1799574,Nanzhang Chengguanzhen,Nanzhang Chengguanzhen,,83604
✗,1808747,Hecun,Hecun,,83009
✓,1799348,Ningyang,Ningyang,宁阳,82994
✓,1786060,Yuanping,Yuanping,原平,82883
✗,1817884,Aoxi,Aoxi,,82717
✗,1813033,Liping,Liping,,82710
✗,1815585,Changqing,Changqing,,82598
✓,12277235,Dali Old Town,Dali Old Town,大理,82566
✓,1789118,Xindian,Xindian,新堤,82555
✓,1786676,Yima,Yima,义马,82509
✗,1798182,Qiaoguan,Qiaoguan,,82467
✓,1549817,Anguo,Anguo,安国,82181
✗,1808103,Donghe,Donghe,,81953
✗,1785964,Yudong,Yudong,,81408
✗,1788269,Xiugu,Xiugu,,81153
✓,1811440,Feicheng,Feicheng,肥城,80929
✗,1795941,Shanting,Shanting,,80843
✗,1804935,Junlian,Junlian,,80708
✗,1549667,Nianzhuang,Nianzhuang,,80617
✓,1784055,Zhuanghe,Zhuanghe,庄河,80384
✓,1816890,Baoying,Baoying,宝应,80292
✓,2037823,Dashiqiao,Dashiqiao,大石桥,80223
✓,1789649,Xichang,Xichang,西昌,80064
✗,12324301,Huanglou,Huanglou,,80055
✗,1811794,Dushan,Dushan,,80045
✗,1549774,Songlou,Songlou,,79763
✓,1793533,Taixing,Taixing,泰兴,79655
✗,1790885,Wuyang,Wuyang,,79070
✗,1815847,Chaigou,Chaigou,,79043
✓,1788452,Xinzhou,Xinzhou,忻州,78767
✗,1794971,Shitanjing,Shitanjing,,78765
✗,1808517,Hengbei,Hengbei,,78575
✗,12324246,Yishan,Yishan,,78408
✗,1798634,Pingyi,Pingyi,,78254
✓,1803374,Linping,Linping,临平,78180
✗,1805175,Xixiang,Xixiang,,78022
✗,1807090,Huankou,Huankou,,77758
✗,1807339,Huangmei,Huangmei,,77633
✓,1789176,Feicheng,Feicheng,肥城,77606
✓,1805267,Jishui,Jishui,吉舒,77540
✓,12324287,Baicheng,Baicheng,白城,77235
✗,1813927,Damiao,Damiao,,77179
✓,1805833,Jiexiu,Jiexiu,介休,77178
✓,2036653,Hunchun,Hunchun,珲春,77028
✗,1914927,Sandu,Sandu,,76757
✗,1784939,Zhaodun,Zhaodun,,76691
✗,1783554,Yaxing,Yaxing,,76427
✗,1797471,Qiuji,Qiuji,,76343
✗,1794782,Shouxian,Shouxian,,76030
✗,1803266,Lintong,Lintong,,75882
✗,12324299,Kanjia,Kanjia,,75669
✓,2038118,Chaoyang,Chaoyang,朝阳,75347
✗,1806840,Huilong,Huilong,,74818
✗,1816751,Beidao,Beidao,,74767
✗,1795919,Shancheng,Shancheng,,74459
✗,1785022,Zhangzhai,Zhangzhai,,74433
✓,2033675,Xinmin,Xinmin,新民,74139
✗,1549743,Zhangzhuang,Zhangzhuang,,74114
✗,1809610,Gucheng Chengguanzhen,Gucheng Chengguanzhen,,74038
✗,1785655,Yunyang,Yunyang,,73922
✓,1804442,Lanxi,Lanxi,兰溪,73706
✗,2037252,Genhe,Genhe,,73631
✗,12324304,Heguan,Heguan,,73470
✓,7290013,Shixing,Shixing,始兴,72996
✗,1812597,Dongdu,Dongdu,,72957
✗,1812427,Dongkan,Dongkan,,72789
✗,1800430,Miyang,Miyang,,72485
✗,1806188,Jiangzhuang,Jiangzhuang,,72453
✓,2037391,Beichengqu,Beichengqu,北辰,72444
✗,1788462,Xinzhi,Xinzhi,,72303
✗,1920772,Zhoucheng,Zhoucheng,,72070
✗,1816176,Caidian,Caidian,,71891
✗,2033602,Xiuyan,Xiuyan,,71614
✗,1807035,Huashan,Huashan,,71281
✓,1818016,Anlu,Anlu,安陆,71198
✗,2036283,Kuandian,Kuandian,,70867
✓,13308625,Shenzhen City Centre,Shenzhen City Centre,深圳,70826
✗,1798548,Poyang,Poyang,,70787
✗,1786357,Yongfeng,Yongfeng,,70783
✗,2037240,Gongchangling,Gongchangling,,70761
✗,2034918,Shiguai,Shiguai,,70357
✓,1810846,Fuyang,Fuyang,富阳,70183
✓,1789799,Haining,Haining,海宁,70171
✗,1795986,Shankou,Shankou,,70153
✗,1800764,Mengcheng Chengguanzhen,Mengcheng Chengguanzhen,,69916
✗,12358513,Fengping,Fengping,,69586
✗,1815188,Chengxian Chengguanzhen,Chengxian Chengguanzhen,,69427
✗,1805884,Jiehu,Jiehu,,69245
✓,2036069,Linjiang,Linjiang,临江,69149
✗,2033934,Xiaoshi,Xiaoshi,,68994
✗,2036959,Heishan,Heishan,,68603
✗,1798946,Pengcheng,Pengcheng,,68442
✓,1800519,Mingguang,Mingguang,明光,68351
✗,1800521,Minggang,Minggang,,67945
✗,1793286,Tangzhai,Tangzhai,,67936
✗,1787873,Xunyang,Xunyang,,67929
✓,2034691,Songjianghe,Songjianghe,松江,67672
✗,1801850,Luorong,Luorong,,67593
✗,1802136,Lüeyang Chengguanzhen,Lueeyang Chengguanzhen,,67496
✗,1810472,Gaoliu,Gaoliu,,67339
✓,1788461,Xinzhou,Xinzhou,忻州,67316
✗,2035453,Pingzhuang,Pingzhuang,,67273
✗,1792936,Tianliu,Tianliu,,67165
✗,12279164,Wanggou,Wanggou,,67140
✗,13308594,Shajing Town,Shajing Town,,67093
✗,12324473,Shaozhuang,Shaozhuang,,66728
✗,1815184,Chengyang,Chengyang,,66588
✗,2035182,Sanchazi,Sanchazi,,66576
✗,12277246,Daxu,Daxu,,66563
✗,2036685,Huinan,Huinan,,66315
✗,1816620,Beimeng,Beimeng,,66277
✗,2036713,Huanren,Huanren,,66147
✗,1786969,Yaoji,Yaoji,,65897
✗,1800675,Mengyin,Mengyin,,65889
✗,1280951,Jietou,Jietou,,65843
✗,1816813,Bayiji,Bayiji,,65830
✗,1796186,Shangkou,Shangkou,,65770
✗,2037820,Dashitou,Dashitou,,65683
✓,1807467,Huanghua,Huanghua,黄骅,65646
✗,1817858,Babu,Babu,,65603
✗,2033423,Yebaishou,Yebaishou,,65536
✗,1807645,Huaiyuan Chengguanzhen,Huaiyuan Chengguanzhen,,65530
✗,1816406,Bianzhuang,Bianzhuang,,65381
✗,1793747,Suyangshan,Suyangshan,,65333
✗,2034226,Hepingjie,Hepingjie,,65298
✗,1802880,Liuxin,Liuxin,,65258
✗,1815971,Caoqiao,Caoqiao,,65243
✗,1804645,Kunyang,Kunyang,,65009
✗,1795241,Shikang,Shikang,,64818
✗,1811378,Fenggang,Fenggang,,64715
✗,1798973,Picheng,Picheng,,64585
✓,1804874,Kaihua,Kaihua,开化,64404
✗,1785698,Yunmeng Chengguanzhen,Yunmeng Chengguanzhen,,64390
✗,7328899,Dengbu,Dengbu,,63814
✗,1787646,Yangcun,Yangcun,,63756
✗,1802020,Lulou,Lulou,,63704
✗,1789693,Xiazhuang,Xiazhuang,,63285
✗,1815779,Changcheng,Changcheng,,63208
✗,1280703,Liuku,Liuku,,63013
✗,1549819,Shizhai,Shizhai,,62956
✗,12324298,Jinggou,Jinggou,,62917
✗,1549756,Fanlou,Fanlou,,62859
✓,1815678,Changle,Changle,长乐,62763
✗,12358566,Miaojie,Miaojie,,62540
✗,1785980,Yucheng,Yucheng,,62365
✗,1798632,Pingyin,Pingyin,,62050
✗,1797715,Qingshuping,Qingshuping,,62000
✓,1785222,Zhangji,Zhangji,张家港,61929
✗,1811184,Fengyi,Fengyi,,61890
✗,1800101,Nandu,Nandu,,61881
✗,1793139,Taoluo,Taoluo,,61852
✗,1790434,Xiangzhou,Xiangzhou,,61748
✓,2036055,Lishu,Lishu,丽水,61584
✗,2038665,Oroqen Zizhiqi,Oroqen Zizhiqi,,61582
✗,1806248,Jianguang,Jianguang,,61469
✓,2037611,Dongning,Dongning,东宁,61440
✓,1805563,Tianchang,Tianchang,天长,61292
✗,2033866,Xifeng,Xifeng,,61087
✓,1813451,Datong,Datong,大同,61085
✗,1800006,Nanhu,Nanhu,,61034
✓,1786759,Yicheng,Yicheng,宜城,61027
✗,1787144,Yanliang,Yanliang,,60891
✗,2037494,Erdaojiang,Erdaojiang,,60831
✗,1788206,Xixiang,Xixiang,,60745
✗,1786910,Yaowan,Yaowan,,60668
✗,2035707,Mujiayingzi,Mujiayingzi,,60627
✓,1816924,Langzhong,Langzhong,阆中,60542
✗,12324508,Taitou,Taitou,,60354
✗,1791161,Wujing,Wujing,,60260
✓,1801455,Zhijiang,Zhijiang,枝江,60169
✗,12324486,Gucheng,Gucheng,,60149
✗,1793089,Taozhuang,Taozhuang,,60137
✓,1783920,Zhujiajiao,Zhujiajiao,诸暨,60000
✗,7931312,Maqin County,Maqin County,,59900
✗,1817543,Baimajing,Baimajing,,59585
✓,1791428,Wenshang,Wenshang,汶上,59455
✗,12324248,Huiqu,Huiqu,,59323
✓,1808106,Hongjiang,Hongjiang,洪江,59199
✗,1549691,Tashan,Tashan,,59162
✗,1808181,Hezuo,Hezuo,,59148
✗,1809003,Haizhou,Haizhou,,59098
✗,1802640,Longgu,Longgu,,59086
✗,1786720,Yigou,Yigou,,59073
✗,1789945,Xiaoweizhai,Xiaoweizhai,,58913
✗,1793774,Suozhen,Suozhen,,58766
✗,1795029,Shiqiaozi,Shiqiaozi,,58538
✗,1811114,Fenyi,Fenyi,,58478
✗,2033739,Xinglongshan,Xinglongshan,,58432
✗,1795470,Shibuzi,Shibuzi,,58333
✓,1802811,Lixian,Lixian,澧县,58300
✓,1798082,Hongqiao,Hongqiao,红桥,58287
✗,1812168,Dongxi,Dongxi,,58169
✓,1808981,Hancheng,Hancheng,韩城,58049
✗,1930074,Santangpu,Santangpu,,58000
✗,12324233,Jing'an,Jing'an,,57825
✗,1801243,Maocun,Maocun,,57649
✗,1807308,Huangpi,Huangpi,,57554
✗,2033449,Yantongshan,Yantongshan,,57515
✗,1809483,Guiren,Guiren,,57446
✗,1784253,Zhongxing,Zhongxing,,57338
✗,12324512,Yingli,Yingli,,57091
✗,2038529,Baishishan,Baishishan,,56992
✗,1549804,Zhuzhai,Zhuzhai,,56908
✓,1805515,Jinji,Jinji,晋江,56816
✗,1816028,Weining,Weining,,56744
✗,1786867,Yashan,Yashan,,56629
✓,1815667,Changleng,Changleng,长乐,56429
✗,12358569,Sanchuan,Sanchuan,,56345
✗,1794126,Sitou,Sitou,,56289
✗,1810553,Gaogou,Gaogou,,56214
✓,2037913,Linghai,Linghai,凌海,56176
✗,1549660,Xuzhuang,Xuzhuang,,56099
✗,1797575,Qinnan,Qinnan,,55975
✓,1921372,Dalianwan,Dalianwan,大连,55841
✗,12358614,Zhuyi,Zhuyi,,55627
✗,1803365,Linqiong,Linqiong,,55587
✗,1549362,Lanshan,Lanshan,,55442
✓,1818051,Anjiang,Anjiang,安吉,55421
✗,1818165,Ahu,Ahu,,55298
✗,12277994,Liguo,Liguo,,54960
✗,2036734,Huangnihe,Huangnihe,,54959
✗,2035836,Manzhouli,Manzhouli,,54808
✗,1549696,Liuji,Liuji,,54785
✗,1803940,Liangzhai,Liangzhai,,54742
✗,2036106,Liaozhong,Liaozhong,,54691
✓,1792052,Wangji,Wangji,望江,54578
✗,1811583,Fangcun,Fangcun,,54035
✓,12358567,Yongjian,Yongjian,永嘉,53970
✗,1789699,Xiazhuang,Xiazhuang,,53954
✗,1803549,Lingcheng,Lingcheng,,53841
✗,12324261,Buzhuang,Buzhuang,,53474
✗,1795026,Shiquan,Shiquan,,53422
✗,1787297,Yangtun,Yangtun,,53417
✗,12358568,Yousuo,Yousuo,,53233
✗,1549810,Zhaozhuang,Zhaozhuang,,53193
✗,1549622,Tangzhang,Tangzhang,,52985
✗,12324550,Lingwu,Lingwu,,52863
✗,1793102,Taoyuan,Taoyuan,,52861
✗,1816560,Beisu,Beisu,,52752
✗,1549428,Malingshan,Malingshan,,52711
✗,12324487,Hualong,Hualong,,52660
✓,1798462,Puji,Puji,浦江,52563
✗,12277245,Dapeng,Dapeng,,52219
✗,1796506,Sanzhuang,Sanzhuang,,52214
✗,12324507,Jitai,Jitai,,52144
✗,1549693,Zizhuang,Zizhuang,,52063
✗,1549360,Liangji,Liangji,,52048
✗,12279163,Dashahe,Dashahe,,51916
✗,1791638,Weimiao,Weimiao,,51820
✗,1797505,Qishan,Qishan,,51750
✗,1279501,Zepu,Zepu,,51691
✗,1802949,Liuquan,Liuquan,,51657
✗,1279471,Zhefang,Zhefang,,51477
✗,1549538,Gangshang,Gangshang,,51114
✗,1898013,Guanshan,Guanshan,,51086
✗,1809646,Guanzhuang,Guanzhuang,,50826
✗,1795993,Shanji,Shanji,,50617
✗,13527051,Lhünzhub,Lhuenzhub,,50596
✗,1799362,Hanyuan,Hanyuan,,50440
✗,1818086,Naxi,Naxi,,50020
✗,1815758,Changdian,Changdian,,49772
✗,1549747,Xinglou,Xinglou,,49653
✗,12324439,Mihe,Mihe,,49545
✓,1914952,Dongcheng,Dongcheng,东城,49252
✓,1805501,Jinjiang,Jinjiang,晋江,49245
✓,12277995,Jiawang Zhen,Jiawang Zhen,贾汪,49005
✗,1809250,Gupi,Gupi,,48748
✗,12277244,Xinhe,Xinhe,,48712
✗,12324552,Ningdong,Ningdong,,48587
✗,1810473,Gaoliu,Gaoliu,,48485
✗,1802901,Liutuan,Liutuan,,48469
✗,1549500,Chenlou,Chenlou,,48327
✓,1549365,Qing’an,Qing'an,庆安,48234
✗,1798290,Qianliu,Qianliu,,48090
✗,1791663,Weiji,Weiji,,48069
✗,1792105,Wangfen,Wangfen,,48052
✗,1794348,Shunhe,Shunhe,,47330
✓,10378130,Gongqingcheng,Gongqingcheng,共青城,47284
✗,1549771,Hekou,Hekou,,47281
✗,1549635,Hanwang,Hanwang,,47205
✗,1549795,Sunlou,Sunlou,,46941
✗,1914252,Nanpeng,Nanpeng,,46786
✗,1796385,Shaji,Shaji,,46696
✗,12358475,Sankeshu,Sankeshu,,46402
✗,1816412,Biantang,Biantang,,46260
✗,1815345,Chefushan,Chefushan,,45844
✗,1794725,Shuanggou,Shuanggou,,45697
✗,1281157,Gudong,Gudong,,45528
✓,1798763,Pingli,Pingli,平凉,45493
✗,1549554,Zouzhuang,Zouzhuang,,45461
✗,1813868,Dangjiang,Dangjiang,,45408
✗,12358514,Nongzhang,Nongzhang,,45270
✗,1787292,Yanguan,Yanguan,,44954
✓,1280023,Shangyun,Shangyun,上虞,44918
✗,1814272,Dahuangshan,Dahuangshan,,44771
✗,1549510,Hegou,Hegou,,44747
✗,1805117,Jiushan,Jiushan,,44420
✓,12277243,Xindian,Xindian,新堤,44409
✗,1797766,Qingshanquan,Qingshanquan,,44314
✗,1816535,Beiwangli,Beiwangli,,44112
✗,1810279,Gaozuo,Gaozuo,,43419
✗,1784527,Zhigou,Zhigou,,43152
✗,1807452,Huangji,Huangji,,43038
✗,1784697,Zhengji,Zhengji,,43021
✗,1806282,Jiangping,Jiangping,,42985
✗,1817762,Baichihe,Baichihe,,42913
✗,1792301,Tushan,Tushan,,42853
✗,2036266,E’erguna,E'erguna,,42435
✗,1549741,Daizhuang,Daizhuang,,42410
✗,1280186,Qushi,Qushi,,42380
✗,7517321,Mali,Mali,,42260
✗,12324553,Wangyuan,Wangyuan,,42022
✗,1786620,Yinggen,Yinggen,,41835
✗,1897997,Wuduan,Wuduan,,41803
✓,1795320,Shiji,Shiji,石家庄,41652
✗,1800217,Naliang,Naliang,,41577
✗,1814882,Chongxing,Chongxing,,41212
✗,1817932,Anyuan,Anyuan,,40828
✗,1801885,Luolong,Luolong,,40612
✗,1794254,Sihu,Sihu,,40430
✗,1914932,Mutang,Mutang,,40373
✗,1794948,Shiwan,Shiwan,,40330
✓,12358542,Mingguang,Mingguang,明光,40221
✗,1810725,Gangtou,Gangtou,,39999
✗,12358570,Chenghai,Chenghai,,39766
✓,1803698,Liji,Liji,丽江,39691
✓,1806788,Huixian Chengguanzhen,Huixian Chengguanzhen,辉县,39643
✗,6958004,Xilinji,Xilinji,,39310
✗,12358540,Mangbang,Mangbang,,39273
✗,13308643,Lequn,Lequn,,39271
✓,12324249,Jinzhongzi,Jinzhongzi,晋中,39054
✗,7373600,Shili,Shili,,38961
✗,1817137,Balu,Balu,,38894
✓,8561889,Anxiang,Anxiang,安溪,38345
✗,1788561,Xinxing,Xinxing,,38200
✗,1785345,Zhancheng,Zhancheng,,38164
✗,12324438,Miaozi,Miaozi,,38147
✗,1802441,Longshan,Longshan,,37976
✓,1907975,Jinshan,Jinshan,金山,37727
✗,1279575,Yingpan,Yingpan,,37406
✗,1808861,Hanyuan,Hanyuan,,37284
✓,1791707,Wayao,Wayao,瓦窑堡,37080
✗,7517266,Tange,Tange,,37074
✗,1816316,Biyang,Biyang,,36905
✗,1797962,Qina,Qina,,36823
✗,1808820,Haomen,Haomen,,36515
✗,12358511,Zhutang,Zhutang,,35766
✗,1795411,Shidui,Shidui,,35367
✗,1801098,Mapo,Mapo,,35358
✓,12450867,Puqiakeqi,Puqiakeqi,蒲圻,35142
✗,1549754,Heqiao,Heqiao,,35118
✗,1786408,Yizhuang,Yizhuang,,34968
✗,1809034,Haitou,Haitou,,34648
✓,7348380,Wuying,Wuying,武义,34509
✗,7348465,Lianhua,Lianhua,,34447
✗,1784750,Zhelou,Zhelou,,34250
✗,12324245,Liushan,Liushan,,33992
✗,12324259,Wushan,Wushan,,33881
✗,1816904,Baocheng,Baocheng,,33138
✗,13308740,Shawei,Shawei,,32980
✗,12358564,Wuhe,Wuhe,,32858
✗,1809338,Guofu,Guofu,,32831
✗,1808783,Heba,Heba,,32538
✗,1808829,Haojiaqiao,Haojiaqiao,,32507
✗,1795880,Shaodian,Shaodian,,32448
✗,1281369,Dagzê,Dagze,,32318
✗,1797106,Rongjiang,Rongjiang,,32291
✗,1549750,Huzhai,Huzhai,,32231
✗,1907959,Anfu,Anfu,,32146
✗,12358571,Shunzhou,Shunzhou,,32074
✗,1549734,Jiangzhuang,Jiangzhuang,,31991
✗,1907961,Baliwan,Baliwan,,31856
✗,12324247,Dasheng,Dasheng,,31797
✗,1793142,Taolin,Taolin,,31795
✗,1885400,Zhonghe,Zhonghe,,31646
✗,12277242,Shuangtang,Shuangtang,,30958
✗,1796449,Shagang,Shagang,,30710
✗,1815856,Chahe,Chahe,,30094
✗,12358515,Taiping,Taiping,,30032
✗,12358445,Xihu,Xihu,,29978
✓,7373480,Luoyu,Luoyu,罗源,29955
✗,1805576,Jingui,Jingui,,29796
✗,1794227,Dachang Shandao,Dachang Shandao,,29717
✗,12358510,Nuozhadu,Nuozhadu,,29703
✗,1907994,Shiqiao,Shiqiao,,29050
✗,1792818,Tiaoshi,Tiaoshi,,28825
✓,12358444,Heshan,Heshan,鹤山,28784
✗,1280124,Ruidian,Ruidian,,28612
✗,12324260,Zheshan,Zheshan,,28333
✗,7516804,Hadapu Zhen,Hadapu Zhen,,28292
✗,1927558,Leifeng,Leifeng,,28014
✗,1549651,Yitang,Yitang,,28002
✗,12277237,Yinqiao Zhen,Yinqiao Zhen,,28002
✗,1804687,Kuangshi,Kuangshi,,27836
✗,1914915,Guangcun,Guangcun,,27803
✗,12324555,Lijun,Lijun,,27723
✓,1907965,Dashi,Dashi,大石桥,27474
✗,1907977,Kuanchuan,Kuanchuan,,27438
✗,12358541,Mazhan,Mazhan,,27373
✗,7373656,Jiangxi,Jiangxi,,27098
✗,12358543,Puchuan,Puchuan,,27049
✗,1783626,Zuitai,Zuitai,,27027
✗,7348537,Weidian,Weidian,,26896
✗,1794461,Shuikou,Shuikou,,26827
✓,1814430,Dafengdong,Dafengdong,大丰,26460
✗,7517497,Yuanyang,Yuanyang,,26352
✗,12324285,Longchi,Longchi,,25923
✗,7372475,Luotang,Luotang,,25871
✗,1787019,Yanzibu,Yanzibu,,25714
✗,1789787,Xiasi,Xiasi,,25490
✗,1799714,Nantou,Nantou,,25294
✗,12489793,Fuhuan,Fuhuan,,25164
✓,1815494,Changxin,Changxin,长兴,25095
✓,1801740,Lushan,Lushan,庐山,25074
✗,1802686,Longcheng,Longcheng,,25055
✗,1929434,Bojia,Bojia,,25000
✗,1797213,Renhe,Renhe,,24903
✗,12358539,Hehua,Hehua,,24814
✗,1795587,Chentuan,Chentuan,,24706
✗,12324554,Minning,Minning,,24696
✗,1798886,Pianjiao,Pianjiao,,24575
✗,7373724,Xiyu,Xiyu,,24452
✗,1791867,Wangwu,Wangwu,,24274
✗,7517450,Shandan,Shandan,,24235
✗,12324549,Ligang,Ligang,,24165
✗,12358508,Nanling,Nanling,,24059
✗,12358477,Xingdaohu,Xingdaohu,,24048
✗,1810672,Gantang,Gantang,,24000
✗,1908009,Xingfeng,Xingfeng,,23922
✗,7373672,Luhe,Luhe,,23852
✗,1914825,Lanyang,Lanyang,,23711
✗,12358572,Jiuhe,Jiuhe,,23680
✗,1800089,Nanfeng,Nanfeng,,23669
✗,1810822,Fujia,Fujia,,23660
✗,2033685,Xinlin,Xinlin,,23533
✗,1791925,Wangpu,Wangpu,,23414
✗,12324286,Xiaying,Xiaying,,23395
✗,13308662,Guanlong,Guanlong,,23100
✗,1783557,Lintan Chengguanzhen,Lintan Chengguanzhen,,23035
✗,1804618,Labuleng,Labuleng,,22970
✓,12358538,Beihai,Beihai,北海,22668
✗,7352509,Shibao,Shibao,,22621
✗,1799084,Panghai,Panghai,,22306
✗,1908001,Wangyin,Wangyin,,22131
✗,1784452,Zhongchao,Zhongchao,,22129
✗,1529279,Chapchal,Chapchal,,22111
✗,1786232,Yongxing,Yongxing,,22079
✗,7373299,Paosha,Paosha,,21907
✗,12358504,Fubang,Fubang,,21828
✗,1797172,Renxian,Renxian,,21499
✗,12358473,Shangchong,Shangchong,,21425
✗,1907979,Liuping,Liuping,,21406
✗,1280921,Judian,Judian,,21368
✗,1807916,Hongzhou,Hongzhou,,21293
✓,12277236,Haidong Zhen,Haidong Zhen,海东,21274
✓,12358573,Xinyingpan,Xinyingpan,新沂,21008
✗,1280006,Shigu,Shigu,,21006
✗,1786291,Yongning,Yongning,,20852
✗,12277238,Wanqiao Zhen,Wanqiao Zhen,,20784
✗,1914965,Heqing,Heqing,,20729
✗,1791493,Wenheng,Wenheng,,20542
✗,1789181,Xincheng,Xincheng,,20535
✗,1790938,Wutongshu,Wutongshu,,20506
✗,1907960,Baijiawan,Baijiawan,,20486
✗,1529574,Burqin,Burqin,,20205
✓,12358574,Shilongba,Shilongba,石龙,20074
✓,12358575,Hongqiao,Hongqiao,红桥,20060
✗,2034325,Tuqiang,Tuqiang,,20056
✗,1908010,Xinglong,Xinglong,,19803
✓,1529504,Fuyun,Fuyun,扶余,19772
✓,7516812,Lichuan Zhen,Lichuan Zhen,利川,19701
✗,1792232,Waina,Waina,,19394
✗,1806300,Jiangluo,Jiangluo,,19204
✗,1907996,Suhe,Suhe,,18901
✗,1802695,Longchang,Longchang,,18563
✗,12358509,Nuofu,Nuofu,,18529
✗,1907990,Qianhu,Qianhu,,18501
✗,13308755,Wushipai,Wushipai,,18400
✗,1905431,Kaitang,Kaitang,,18394
✗,8649747,Lingquan,Lingquan,,18336
✗,7373739,Shaoyu,Shaoyu,,18327
✗,1906074,Jiuchao,Jiuchao,,18314
✗,1908016,Yongping,Yongping,,18279
✗,7517492,Gaolou,Gaolou,,18170
✗,1905846,Bibo,Bibo,,18121
✗,1790296,Xiaochuan,Xiaochuan,,18098
✗,1908000,Wangyao,Wangyao,,17925
✓,1804996,Liulin,Liulin,柳林,17731
✗,1799117,Paipu,Paipu,,17577
✗,1811737,Eman,Eman,,17317
✗,12358505,Huimin,Huimin,,17303
✗,12324548,Siwei,Siwei,,17200
✗,1791762,Wanshui,Wanshui,,17141
✗,13308593,Shajing Residential District,Shajing Residential District,,17093
✗,1802665,Long’e,Long'e,,16928
✗,2037927,Dalain Hob,Dalain Hob,,16927
✓,13308731,Shenzhenwan,Shenzhenwan,深圳,16921
✗,1784089,Zhouxi,Zhouxi,,16859
✗,13308748,Zhuzilin,Zhuzilin,,16800
✗,1811746,Ehen Hudag,Ehen Hudag,,16798
✗,1794686,Shuangjiang,Shuangjiang,,16773
✗,1802802,Lixin,Lixin,,16753
✗,1906095,Zhaoxing,Zhaoxing,,16737
✗,7373329,Xigaoshan,Xigaoshan,,16550
✗,1914256,Ersheng,Ersheng,,16461
✗,2037485,Erenhot,Erenhot,,16427
✗,12358565,Xinhua,Xinhua,,16336
✗,12358632,Jifeng,Jifeng,,16273
✗,1816369,Bikou,Bikou,,16247
✗,12358507,Mujia,Mujia,,16180
✗,1907966,Dazhuang,Dazhuang,,16156
✗,7342980,Dianga,Dianga,,15993
✗,1813591,Dashan,Dashan,,15980
✓,1791214,Wujia,Wujia,吴江,15549
✗,12358503,Fazhanhe,Fazhanhe,,15483
✗,7372977,Yulong,Yulong,,15397
✗,12358502,Donghui,Donghui,,15380
✗,12358544,Qingshui,Qingshui,,14986
✗,12358682,Qishan,Qishan,,14945
✗,7373359,Diancun,Diancun,,14852
✗,7373429,Yinxingshu,Yinxingshu,,14806
✗,12358501,Donghe,Donghe,,14771
✗,12358478,Shatian,Shatian,,14686
✗,1908005,Wujiahe,Wujiahe,,14679
✗,1279802,Wendong,Wendong,,14517
✗,13308725,Qianhai Bay Area,Qianhai Bay Area,,14239
✗,7517670,Yupan,Yupan,,14227
✗,1279668,Xuelin,Xuelin,,14158
✗,7372585,Pipa,Pipa,,14053
✗,7517082,Yan’anxiang,Yan'anxiang,,13871
✗,12110888,Xiannüshan,Xiannueshan,,13808
✗,12358506,Jiujing,Jiujing,,13716
✗,1786368,Yongcong,Yongcong,,13670
✗,7373727,Mayuan,Mayuan,,13336
✗,1799206,Niyang,Niyang,,13284
✓,12358500,Ankang,Ankang,安康,13236
✓,8561612,Beizheng,Beizheng,北镇,13189
✗,1801329,Malu,Malu,,13117
✗,7407743,Shuiyang,Shuiyang,,13029
✗,1279524,Zangguy,Zangguy,,13027
✓,7348484,Liangshan,Liangshan,梁山,12894
✗,7353644,Sancang,Sancang,,12833
✗,13308603,Shuangjinhui,Shuangjinhui,,12822
✗,7372986,Douping,Douping,,12772
✗,1812719,Diping,Diping,,12692
✗,7372793,Guohe,Guohe,,12585
✓,12358633,Lichuan,Lichuan,利川,12554
✗,1913179,Gushu,Gushu,,12495
✗,7372875,Changba,Changba,,12488
✗,12358479,Quzhang,Quzhang,,12441
✗,13308665,Fangda Town,Fangda Town,,12300
✗,7372888,Foya,Foya,,12155
✗,1801226,Maogong,Maogong,,12109
✗,1792188,Wanchao,Wanchao,,12067
✗,13308598,Wanfeng,Wanfeng,,12024
✓,1808135,Honghe,Honghe,红河,11942
✓,1796824,Sanhe,Sanhe,三河,11916
✗,1529245,Qongkur,Qongkur,,11850
✗,7373302,Zhifang,Zhifang,,11799
✗,8562010,Beitanzhuang,Beitanzhuang,,11755
✗,13308743,Shatou Residential,Shatou Residential,,11738
✗,1914171,Yangba,Yangba,,11583
✗,1905963,Luoli,Luoli,,11521
✗,12450872,Yingye'er,Yingye'er,,11485
✗,1804081,Liangdang Chengguanzhen,Liangdang Chengguanzhen,,11477
✗,1529630,Aykol,Aykol,,11260
✗,1906110,Deshun,Deshun,,11166
✗,1907978,Leiwang,Leiwang,,11143
✗,7351475,Ha’ergai Dadui,Ha'ergai Dadui,,11128
✗,1907968,Gucheng,Gucheng,,11096
✗,1794923,Shixia,Shixia,,11072
✗,1817891,Aoshi,Aoshi,,11032
✓,13308624,Futian,Futian,福田,11020
✗,1800965,Mawu,Mawu,,11015
✗,1785683,Yuntai,Yuntai,,10962
✗,13308713,Sanwei,Sanwei,,10912
✓,1914152,Fengxiang,Fengxiang,奉贤,10665
✗,7373083,Huangchen,Huangchen,,10635
✗,1800680,Mengyan,Mengyan,,10572
✗,13308682,Botuofeinuochunshuian,Botuofeinuochunshuian,,10529
✗,1787719,Yandong,Yandong,,10506
✗,1907984,Mahe,Mahe,,10497
✗,1808163,Hongchuan,Hongchuan,,10405
✗,13308678,Hongfa Centre,Hongfa Centre,,10326
✗,12358683,Qiushan,Qiushan,,10310
✗,1787804,Yacheng,Yacheng,,10267
✗,7373312,Shaba,Shaba,,10107
✗,13308663,Chaguangcun,Chaguangcun,,10092
✗,13308644,Yuye shequ,Yuye shequ,,10086
✗,1786811,Yeliguan,Yeliguan,,10066
✗,1787443,Yangliujie,Yangliujie,,10057
✗,7343298,Changchuan,Changchuan,,10037
✗,1786288,Yongning,Yongning,,9999
✗,7407706,Jialing,Jialing,,9957
✗,1803448,Lingwu Nongchang,Lingwu Nongchang,,9949
✗,13308752,Yanhanshan,Yanhanshan,,9808
✗,1814202,Dajia,Dajia,,9791
✗,13308754,Yuehai Residential,Yuehai Residential,,9732
✗,12358684,Awu,Awu,,9677
✗,1798745,Pingluo,Pingluo,,9658
✗,13308634,Guangming,Guangming,,9612
✗,7372929,Dabao,Dabao,,9601
✗,1816810,Bazhai,Bazhai,,9599
✗,1813649,Daqiao,Daqiao,,9593
✗,7373363,Chenyuan,Chenyuan,,9571
✗,1795058,Shiqian,Shiqian,,9571
✓,7407799,Liulin,Liulin,柳林,9540
✗,7373371,Haolin,Haolin,,9531
✗,7372877,Dananyu,Dananyu,,9520
✗,7372743,Nianba,Nianba,,9431
✗,7343131,Mu’er,Mu'er,,9430
✗,1907982,Luoba,Luoba,,9374
✗,13308737,Nanyuan Residential,Nanyuan Residential,,9372
✗,7372894,Ganquan,Ganquan,,9372
✗,1794920,Shijiang,Shijiang,,9330
✓,13308733,"Nanyou, Shenzhen","Nanyou, Shenzhen",深圳,9327
✓,13308746,Shahe Residential,Shahe Residential,沙河,9302
✗,13308671,Gaoxin,Gaoxin,,9216
✗,12358472,Leidong,Leidong,,9188
✗,7373617,Huangzhu,Huangzhu,,9186
✗,13308656,Gold tai,Gold tai,,9172
✗,13308679,Jiajinlong,Jiajinlong,,9126
✗,7373178,Suochi,Suochi,,9113
✗,13308608,Aojingchong,Aojingchong,,9067
✗,7343287,Lexiu,Lexiu,,9057
✗,13308673,Anle Garden,Anle Garden,,9000
✗,13308631,Gao Fa Cheng Chi Yuan,Gao Fa Cheng Chi Yuan,,8953
✗,7372766,Huangping,Huangping,,8930
✗,13308716,Caowei,Caowei,,8915
✗,7446328,Liushun,Liushun,,8876
✗,13308667,Yuehai,Yuehai,,8743
✗,1537890,Sishilichengzi,Sishilichengzi,,8722
✗,1818012,Anmenkou,Anmenkou,,8677
✗,1907971,Gupo,Gupo,,8661
✗,12324551,Baitugang,Baitugang,,8640
✓,13308647,Kaiping,Kaiping,开平,8612
✗,7373487,Wangmo,Wangmo,,8503
✗,1800945,Mayanhe,Mayanhe,,8497
✓,7372727,Yuhuang,Yuhuang,玉环,8468
✗,13308626,Gangsha,Gangsha,,8461
✗,1786293,Yongning,Yongning,,8460
✗,1806627,Huotong,Huotong,,8450
✗,7373101,Longxing,Longxing,,8410
✗,1899335,Dahedian,Dahedian,,8403
✗,13308758,Lei Yue Mun,Lei Yue Mun,,8372
✓,12359303,Yanjia,Yanjia,延吉,8325
✗,1790807,Xiabaishi,Xiabaishi,,8320
✓,13308749,Dalingxia,Dalingxia,大理,8320
✗,13308668,Keji yuan,Keji yuan,,8249
✗,13308723,Baishipai,Baishipai,,8217
✗,1798614,Pingzhai,Pingzhai,,8165
✗,13308649,Anle,Anle,,8120
✗,7343419,Zangbawa,Zangbawa,,8063
✗,13308655,Lingzhi Town,Lingzhi Town,,8026
✗,7516842,Pangjia,Pangjia,,7956
✓,13308627,Futian Residential District,Futian Residential District,福田,7923
✗,7432952,Yangyong,Yangyong,,7849
✗,1799922,Nanliang Nongchang,Nanliang Nongchang,,7810
✗,8561617,Bailuquan,Bailuquan,,7779
✗,7343316,Shencang,Shencang,,7770
✗,1798078,Qidu,Qidu,,7770
✗,7372786,Wangba,Wangba,,7752
✗,1906076,Koujiang,Koujiang,,7477
✗,13308750,Beizhoushan,Beizhoushan,,7403
✗,1810705,Ganjia,Ganjia,,7334
✗,13308736,Liuxiangdong,Liuxiangdong,,7329
✗,7373227,Suyuan,Suyuan,,7295
✓,13308646,Hedong,Hedong,河东,7291
✗,7446277,Nalang,Nalang,,7275
✗,1796883,Sangke,Sangke,,7236
✗,13308664,Xinwucun,Xinwucun,,7231
✓,1811224,Fengtai,Fengtai,丰台,7230
✗,13308642,Southeast Gate,Southeast Gate,,7215
✗,13308720,Niuwan,Niuwan,,7210
✗,7343319,Shimen,Shimen,,7156
✗,13308657,Fuhua,Fuhua,,7127
✗,7516858,Bali,Bali,,7101
✗,13308681,Ouzhou chengshi,Ouzhou chengshi,,7100
✗,13512504,Xihai Town,Xihai Town,,7100
✗,1817090,Bangjun,Bangjun,,7052
✗,1805482,Jinjing,Jinjing,,6990
✗,1538374,Kipekyüzi,Kipekyuezi,,6972
✗,13308704,Jiazhou,Jiazhou,,6923
✗,13308622,Chentian,Chentian,,6918
✗,7343288,Azitan,Azitan,,6881
✗,7446417,Nawu,Nawu,,6853
✗,7446186,Wangzang,Wangzang,,6851
✓,1905932,Dehua,Dehua,德化,6834
✗,1795909,Shanyang,Shanyang,,6810
✗,13308635,Shangzi,Shangzi,,6782
✗,1791079,Wuma,Wuma,,6743
✗,13308744,Fubao,Fubao,,6683
✗,1785066,Zhangwan,Zhangwan,,6590
✗,1281048,Heshun,Heshun,,6560
✗,12358587,Peishi,Peishi,,6460
✗,1899321,Zhagulu,Zhagulu,,6369
✗,13308747,Zhuyuan,Zhuyuan,,6328
✗,1796379,Shajiang,Shajiang,,6310
✗,13308741,Dongchong,Dongchong,,6302
✓,13308669,Zhongshan,Zhongshan,中山,6291
✗,2035521,Pangu,Pangu,,6257
✗,13308732,Shekou Residential,Shekou Residential,,6218
✗,13308680,Zhongxing,Zhongxing,,6214
✗,1791813,Wangguan,Wangguan,,6100
✗,1810410,Gaoqiao,Gaoqiao,,6061
✗,1787339,Yangsha,Yangsha,,6042
✗,13308722,Happy Harbour,Happy Harbour,,6032
✗,13308719,Taoyuan Ju,Taoyuan Ju,,6029
✗,13308602,Qiaotou Community,Qiaotou Community,,6018
✗,13308706,Pingzhou,Pingzhou,,6012
✓,7373609,Yushu,Yushu,玉树,6012
✗,7343467,Zuogaimanma,Zuogaimanma,,5879
✗,1899344,Baiyang,Baiyang,,5847
✓,7372558,Sanheba,Sanheba,三河,5841
✗,13308638,Taohuayuan,Taohuayuan,,5814
✗,1814123,Dakoutun,Dakoutun,,5814
✗,7372945,Sitai,Sitai,,5798
✗,7516821,Mu’er,Mu'er,,5713
✗,13308628,Jiushixia,Jiushixia,,5712
✗,1812025,Douba,Douba,,5694
✗,7516767,Shangping,Shangping,,5667
✗,7413703,Madang,Madang,,5662
✗,7373419,Liuxiang,Liuxiang,,5655
✗,7407683,Yuguan,Yuguan,,5645
✗,13308666,Wuwu,Wuwu,,5623
✗,1806180,Jianjiang,Jianjiang,,5540
✗,7407813,Jindong,Jindong,,5470
✗,7373270,Taishihe,Taishihe,,5442
✓,1802526,Longmen,Longmen,龙门,5370
✗,7343345,Taoyan,Taoyan,,5329
✗,7373106,Songping,Songping,,5277
✗,1810800,Gahai,Gahai,,5257
✗,7343069,Niba,Niba,,5251
✗,1815022,Chiba,Chiba,,5230
✗,1941833,Houyu,Houyu,,5180
✗,7373023,Miba,Miba,,5175
✓,13308710,"Nanchang, Shenzhen","Nanchang, Shenzhen",深圳,5132
✗,7373136,Longba,Longba,,5111
✗,13308639,Chentian Village,Chentian Village,,5101
✗,7446447,Bajiao,Bajiao,,5095
✗,13308715,Baochuang Estate,Baochuang Estate,,5089
✗,1899334,Xipo,Xipo,,5075
✓,13308751,Shahe Jiangong,Shahe Jiangong,沙河,5073
✗,1790707,Xiahu,Xiahu,,5070
✗,13308599,Heyi,Heyi,,5061
✓,13308650,Bao'an yuan qu,Bao'an yuan qu,宝安,5055
✗,1804525,Langmusi,Langmusi,,5054
✗,1789659,Xibing,Xibing,,5050
✗,13308707,Yu'hu Bay,Yu'hu Bay,,5008
✓,13308629,Huanggang,Huanggang,黄冈,5003
✗,13308641,Gongle Gongye,Gongle Gongye,,5000
✗,13308676,Samsung Renjia,Samsung Renjia,,5000
✗,13308753,Hailianting,Hailianting,,5000
✗,13308756,Mangrove Bay,Mangrove Bay,,5000
✗,13308596,Sports Square,Sports Square,,5000
✗,13308597,Huayu Estate,Huayu Estate,,5000
✗,13308600,Weisi Science & Technology Garden,Weisi Science & Technology Garden,,5000
✗,13308612,College Park,College Park,,5000
✗,1811682,Erlang,Erlang,,4977
✗,1786630,Yingdu,Yingdu,,4960
✗,7373013,Chanhe,Chanhe,,4918
✗,7446266,Daogao,Daogao,,4813
✗,1795727,Shazikou,Shazikou,,4750
✗,7343192,Dianzi,Dianzi,,4722
✗,7343011,Yiwa,Yiwa,,4719
✗,7343277,Guzhan,Guzhan,,4717
✗,1941718,Goutou,Goutou,,4702
✗,2034270,Walagan,Walagan,,4695
✗,7372556,Yuezhao,Yuezhao,,4663
✗,7372407,Yuhe,Yuhe,,4539
✗,1817829,Badu,Badu,,4370
✗,7373653,Shaijing,Shaijing,,4361
✗,1785786,Yulei,Yulei,,4360
✗,7372657,Dianzi,Dianzi,,4334
✗,1814697,Cuihuangkou,Cuihuangkou,,4334
✗,13308674,Buxin,Buxin,,4319
✗,1796836,Sangzi,Sangzi,,4315
✓,1808772,Hebeitun,Hebeitun,河北,4248
✗,7372534,Lianghe,Lianghe,,4240
✗,1921211,Yinglin,Yinglin,,4150
✗,1792603,Tongqian,Tongqian,,4082
✗,13308601,Fuyongzhen,Fuyongzhen,,4028
✗,13308724,Hongshulin,Hongshulin,,4022
✗,13308717,Shangwei Yuanxin,Shangwei Yuanxin,,4012
✗,1800886,Meichang,Meichang,,4009
✗,1813668,Daqiao,Daqiao,,4000
✗,1793380,Tangkou,Tangkou,,4000
✗,1550222,Xujiaba,Xujiaba,,3989
✓,1807137,Huangyangtan,Huangyangtan,黄岩,3984
✗,1785341,Zhan’erxiang,Zhan'erxiang,,3947
✗,7446480,Zuogaiduoma,Zuogaiduoma,,3940
✗,1791341,Laocheng,Laocheng,,3922
✗,13308670,Xintian,Xintian,,3917
✗,13308645,Yuyecun,Yuyecun,,3822
✗,1814946,Chixi,Chixi,,3810
✗,1791785,Wanmao,Wanmao,,3804
✗,1921200,Wubao,Wubao,,3800
✗,1805531,Jinhe,Jinhe,,3790
✗,7536143,Saga,Saga,,3765
✗,1794459,Shuikou,Shuikou,,3760
✗,1785372,Zhaishi Miaozu Dongzuxiang,Zhaishi Miaozu Dongzuxiang,,3750
✗,1787624,Yangezhuang,Yangezhuang,,3722
✗,1787554,Yangdian,Yangdian,,3695
✓,1799379,Ninghe,Ninghe,宁河,3683
✗,1789271,Xinan,Xinan,,3670
✓,1787230,Yangzhong,Yangzhong,扬中,3640
✗,1813965,Damai,Damai,,3633
✗,1794343,Shunhua,Shunhua,,3589
✗,1811268,Fengpu,Fengpu,,3560
✗,1794511,Shuiche,Shuiche,,3550
✗,1790795,Xiacang,Xiacang,,3546
✗,1801684,Luxia,Luxia,,3540
✗,7342963,Sangba,Sangba,,3525
✗,1803346,Lintingkou,Lintingkou,,3521
✗,1811082,Fubao,Fubao,,3500
✗,7373126,Taishi,Taishi,,3479
✗,1808268,Hetang,Hetang,,3430
✗,7446307,Chubu,Chubu,,3377
✗,1799805,Nanrenfu,Nanrenfu,,3365
✗,1815875,Chadian,Chadian,,3355
✗,1798382,Qiagai,Qiagai,,3353
✗,7407766,Xianlong,Xianlong,,3313
✗,1798176,Qiaojiang,Qiaojiang,,3290
✗,1799086,Panggezhuang,Panggezhuang,,3217
✗,13308709,Shabian,Shabian,,3208
✗,1787073,Yantian,Yantian,,3190
✗,1817129,Bamencheng,Bamencheng,,3167
✗,1801669,Luyang,Luyang,,3150
✗,1815589,Changqiao,Changqiao,,3150
✗,1795969,Shanmen,Shanmen,,3130
✗,1811446,Feiluan,Feiluan,,3120
✗,1798095,Qibu,Qibu,,3110
✓,1789329,Xiling,Xiling,锡林郭勒,3110
✗,13308757,Jiaoju,Jiaoju,,3085
✗,1807102,Huangzhuang,Huangzhuang,,3076
✗,13308605,Haoye,Haoye,,3070
✗,1788156,Xiyan,Xiyan,,3060
✗,13308738,Huaqingbei,Huaqingbei,,3021
✗,1810286,Gaozhuang,Gaozhuang,,3011
✗,1797219,Renfengzhuang,Renfengzhuang,,3006
✗,13308640,Bengshan Gongye,Bengshan Gongye,,3002
✗,1941816,Kuai’an,Kuai'an,,3000
✗,1790685,Kajiaman,Kajiaman,,2986
✗,1802835,Liuzikou,Liuzikou,,2986
✗,13308661,West Gate,West Gate,,2981
✗,1790357,Xianxi,Xianxi,,2910
✗,1807104,Huangzhuang,Huangzhuang,,2908
✗,1787521,Yangjiapo,Yangjiapo,,2899
✗,1797676,Qinglang,Qinglang,,2895
✓,1817446,Baisha,Baisha,白山,2880
✗,7413715,Qu’ao,Qu'ao,,2868
✓,1789132,Xindian,Xindian,新堤,2860
✗,1783856,Zhuoyang,Zhuoyang,,2830
✗,1941861,Huangtian,Huangtian,,2820
✗,13308652,Shangecun,Shangecun,,2816
✗,1801174,Maoping,Maoping,,2800
✗,1802409,Longtan,Longtan,,2800
✗,1814896,Chongru,Chongru,,2800
✗,1802364,Longtou’an,Longtou'an,,2790
✗,7413614,Tangga’an,Tangga'an,,2774
✗,1810670,Gantang,Gantang,,2770
✗,1810671,Gantang,Gantang,,2770
✗,1813009,Dengjiapu,Dengjiapu,,2750
✗,13308742,Cunzai,Cunzai,,2721
✗,1811559,Fangjiazhuang,Fangjiazhuang,,2679
✗,1792163,Wangbuzhuang,Wangbuzhuang,,2659
✗,1803050,Liujiaping,Liujiaping,,2650
✗,1785625,Yushan,Yushan,,2640
✗,1796958,Sanchakou,Sanchakou,,2636
✗,1798183,Qiaogu,Qiaogu,,2635
✗,1792171,Anping,Anping,,2630
✗,1807285,Huangqiao,Huangqiao,,2600
✗,1814596,Dabao’anzhen,Dabao'anzhen,,2600
✗,1790889,Wuyang,Wuyang,,2590
✗,1812594,Dong’erying,Dong'erying,,2583
✗,7304196,Dehang,Dehang,,2567
✗,1792562,Tongwan,Tongwan,,2530
✗,1787580,Yanghou,Yanghou,,2530
✗,1810447,Gaoniang,Gaoniang,,2500
✗,1784429,Zhongdeng,Zhongdeng,,2485
✗,1802545,Longlisuo,Longlisuo,,2450
✗,1784928,Zhaogezhuang,Zhaogezhuang,,2442
✗,7413597,Kajiadao,Kajiadao,,2427
✗,1815510,Changtun,Changtun,,2415
✗,1788482,Xinzhan,Xinzhan,,2400
✗,1899320,Sancha,Sancha,,2393
✗,1813567,Dashentang,Dashentang,,2362
✗,1800171,Nancaicun,Nancaicun,,2357
✗,1792334,Tuokou,Tuokou,,2350
✗,7446453,Kangduo,Kangduo,,2348
✗,1799895,Nanmaizhu,Nanmaizhu,,2309
✗,7446195,Kaba,Kaba,,2302
✗,13308721,Yuhexin,Yuhexin,,2301
✗,1813225,Dayanggezhuang,Dayanggezhuang,,2300
✗,1813479,Datangzhuang,Datangzhuang,,2294
✗,1814456,Dadunqiu,Dadunqiu,,2279
✓,1803387,Linkou,Linkou,林口,2270
✓,1813463,Datianzhuang,Datianzhuang,大田,2254
✗,1807058,Huaqiao,Huaqiao,,2240
✗,1817842,Badaogu,Badaogu,,2226
✗,7446191,Ni’ao,Ni'ao,,2197
✗,1784033,Zhuangtou,Zhuangtou,,2194
✗,1950548,Dengyuantai,Dengyuantai,,2190
✗,1801353,Malin,Malin,,2150
✗,1790620,Xiancun,Xiancun,,2150
✓,1814078,Daliang,Daliang,大良,2140
✗,1794591,Shuangshu,Shuangshu,,2134
✗,1801894,Luojiu,Luojiu,,2130
✗,1783964,Zhushi,Zhushi,,2130
✓,7407787,Xinghua,Xinghua,兴化,2110
✗,1799312,Niudaokou,Niudaokou,,2108
✗,13308739,Huafu,Huafu,,2102
✗,1788760,Xinkaikou,Xinkaikou,,2101
✗,13308660,Liutang,Liutang,,2100
✗,13308729,Songzhanzai,Songzhanzai,,2100
✗,7343315,Zhuoluo,Zhuoluo,,2100
✗,6942880,Haikuotiankong,Haikuotiankong,,2100
✗,13308630,West Gate,West Gate,,2038
✗,1806245,Jiangwakou,Jiangwakou,,2018
✗,13308606,Minzhucun,Minzhucun,,2011
✗,13308595,Yabian,Yabian,,2002
✗,1807175,Huangtukuang,Huangtukuang,,1990
✗,1814691,Cuijiamatou,Cuijiamatou,,1990
✗,1817398,Baishi,Baishi,,1965
✗,1802793,Lixiqiao,Lixiqiao,,1960
✗,1798492,Pukou,Pukou,,1950
✗,13308728,Hudi,Hudi,,1932
✗,1806653,Huomachong,Huomachong,,1930
✓,13308745,Xinzhou,Xinzhou,忻州,1923
✗,1807369,Huanglong,Huanglong,,1920
✗,1816246,Boyang,Boyang,,1920
✗,1787481,Yangjinzhuang,Yangjinzhuang,,1915
✗,1801454,Majiadian,Majiadian,,1911
✗,1807341,Huangmaoyuan,Huangmaoyuan,,1910
✗,1813085,Dazhongzhuang,Dazhongzhuang,,1889
✗,1807936,Hongyang,Hongyang,,1850
✗,1941563,Beizhai,Beizhai,,1850
✗,1806450,Jiamaying,Jiamaying,,1836
✗,7343453,Shaowa,Shaowa,,1808
✗,1807783,Houxiang,Houxiang,,1800
✗,1921288,Xiangyun,Xiangyun,,1800
✗,1816557,Beitan,Beitan,,1786
✗,1807150,Huangxikou,Huangxikou,,1770
✗,1552093,Sanchahe,Sanchahe,,1770
✗,1789759,Xiawuqi,Xiawuqi,,1718
✗,1804088,Liangcunchang,Liangcunchang,,1671
✗,1810428,Gaoqiao,Gaoqiao,,1670
✗,1804472,Lanli,Lanli,,1660
✗,1816150,Caijiapu,Caijiapu,,1660
✗,1810301,Gaozeng,Gaozeng,,1650
✗,1793221,Tanwan,Tanwan,,1630
✗,1791752,Wantouqiao,Wantouqiao,,1620
✗,1812058,Dongzhaogezhuang,Dongzhaogezhuang,,1613
✗,1798513,Puhechang,Puhechang,,1600
✗,1799279,Niujiapai,Niujiapai,,1593
✗,1787131,Yanmen,Yanmen,,1590
✗,1786928,Yaoshi,Yaoshi,,1580
✗,1792752,Tingdong,Tingdong,,1577
✗,1815202,Chengtougu,Chengtougu,,1558
✗,1901233,Xiliguantun,Xiliguantun,,1552
✗,1806978,Huayuan,Huayuan,,1540
✗,1800702,Mengquan,Mengquan,,1533
✗,1806267,Jiangshi,Jiangshi,,1510
✗,1817648,Baijian,Baijian,,1510
✗,1801617,Ma’an,Ma'an,,1500
✗,1790194,Xiaohenglong,Xiaohenglong,,1500
✗,1792484,Touying,Touying,,1498
✗,1806675,Huogezhuang,Huogezhuang,,1474
✗,1786182,Youguzhuang,Youguzhuang,,1470
✗,1794788,Shoushan,Shoushan,,1470
✗,1810808,Fuzhuang,Fuzhuang,,1468
✗,1817097,Bangdong,Bangdong,,1460
✗,1788352,Xishan,Xishan,,1452
✗,1806319,Jiangkouxu,Jiangkouxu,,1450
✗,1798407,Puzi,Puzi,,1450
✗,1793401,Tangjiafang,Tangjiafang,,1450
✓,12382279,Sansha,Sansha,三沙,1443
✗,1785858,Yuguzhuang,Yuguzhuang,,1442
✗,1812229,Dongtazhuang,Dongtazhuang,,1440
✗,1813683,Dabaozi,Dabaozi,,1440
✗,1816442,Benchu,Benchu,,1431
✗,1816312,Biyong,Biyong,,1430
✗,1815888,Chabaihu,Chabaihu,,1403
✗,1812432,Dongjituo,Dongjituo,,1400
✗,1802729,Lizhuangzi,Lizhuangzi,,1397
✓,1812282,Dongshan Dongzuxiang,Dongshan Dongzuxiang,东山,1390
✗,1806390,Gangdong,Gangdong,,1380
✗,1786854,Yatunpu,Yatunpu,,1370
✓,1797971,Qimeng,Qimeng,祁门,1362
✗,1808681,Heilangkou,Heilangkou,,1357
✗,1786927,Yaoshi,Yaoshi,,1350
✗,1798909,Penguanzhuang,Penguanzhuang,,1329
✗,1799876,Nanmuping,Nanmuping,,1320
✗,1796300,Shangcang,Shangcang,,1312
✓,1783762,Zhuzhoujiang Miaozuxiang,Zhuzhoujiang Miaozuxiang,株洲,1310
✗,1814610,Dabaizhuang,Dabaizhuang,,1295
✓,1550143,Zhujiachang,Zhujiachang,诸暨,1295
✗,13308636,Qilong,Qilong,,1294
✗,1804452,Lantian,Lantian,,1292
✗,1814217,Daixi,Daixi,,1290
✗,13308648,Zaoxia,Zaoxia,,1289
✗,13308714,Sanweicun,Sanweicun,,1287
✗,1816635,Beilizigu,Beilizigu,,1287
✗,1786334,Yonghe,Yonghe,,1286
✗,1811634,Erwangzhuang,Erwangzhuang,,1282
✗,12359324,Axia,Axia,,1277
✗,13308604,Shayi Community,Shayi Community,,1265
✗,1814273,Dahuangpu,Dahuangpu,,1254
✗,1794274,Sigaozhuang,Sigaozhuang,,1246
✗,1803944,Liangyaping,Liangyaping,,1240
✗,1816783,Beicaicun,Beicaicun,,1237
✗,1797023,Ruoshui,Ruoshui,,1210
✓,13308703,Zhongshang Garden,Zhongshang Garden,中山,1203
✗,1790696,Xiajiang,Xiajiang,,1198
✗,1784415,Zhongfang,Zhongfang,,1180
✗,1810500,Gaojingzhuang,Gaojingzhuang,,1167
✗,1792681,Tonggu,Tonggu,,1158
✓,1816235,Bozhou,Bozhou,亳州,1150
✗,1787304,Yangtou,Yangtou,,1145
✗,1801172,Maoping,Maoping,,1123
✗,1810425,Gaoyi,Gaoyi,,1110
✗,1784209,Zhongzhai,Zhongzhai,,1110
✗,1790376,Xiantan,Xiantan,,1100
✗,1815377,Chatian,Chatian,,1100
✗,1814198,Dajianchang,Dajianchang,,1098
✗,13308651,Shanghua,Shanghua,,1093
✗,1797870,Qingjiangqiao,Qingjiangqiao,,1090
✗,1815879,Chadian,Chadian,,1089
✗,1814621,Dabachang,Dabachang,,1086
✗,1794412,Shuidatian,Shuidatian,,1080
✗,1798784,Pingjiang,Pingjiang,,1076
✗,1790088,Xiaolongmen,Xiaolongmen,,1070
✗,1941818,Hongtang,Hongtang,,1060
✗,13308621,Labor Community,Labor Community,,1058
✗,13308607,Sixingyong,Sixingyong,,1042
✗,1794569,Shuangxi,Shuangxi,,1040
✓,13308730,Shenzhen Bay Park,Shenzhen Bay Park,深圳,1032
✗,1790387,Xianrenwan,Xianrenwan,,1030
✗,13308654,Lingzhi (Northwest Gate),Lingzhi (Northwest Gate),,1027
✗,13308610,Fozi'ao,Fozi'ao,,1024
✗,13308677,Haihua Park (Southwest gate),Haihua Park (Southwest gate),,1022
✗,1817794,Bahuang,Bahuang,,1021
✗,1786517,Yinliu,Yinliu,,1007
✗,13308711,Jiefang,Jiefang,,1003
✗,7158936,龙海天,long hai tian,,1000
✗,1803883,Lianshan,Lianshan,,1000
✗,1788247,Xiuxi,Xiuxi,,1000
✗,13308616,Shekou Wharf,Shekou Wharf,,1000
✗,1795034,Shiqiao,Shiqiao,,999
✗,1814853,Chuandong,Chuandong,,992
✗,1802688,Longcheng,Longcheng,,990
✗,13308734,Niucheng,Niucheng,,982
✗,1795780,Shawan,Shawan,,980
✗,1804515,Langshan,Langshan,,980
✗,1809732,Guanxia Miaozuxiang,Guanxia Miaozuxiang,,980
✗,1810081,Gongxi,Gongxi,,970
✗,1784957,Zhaobenzhuang,Zhaobenzhuang,,957
✗,1806322,Jiangkou,Jiangkou,,940
✗,1817527,Baimaoping,Baimaoping,,940
✗,1808581,Hekou,Hekou,,930
✗,13308705,Dachan Bay,Dachan Bay,,927
✗,1795101,Shimianzhuang,Shimianzhuang,,927
✗,1906170,Yaolu,Yaolu,,923
✗,1811863,Duli,Duli,,918
✗,1787386,Yangping,Yangping,,910
✗,1800421,Mobin Tongzumiaozuxiang,Mobin Tongzumiaozuxiang,,910
✗,1811807,Duping,Duping,,900
✗,1550116,Yongxi,Yongxi,,900
✗,13308712,Yinfeng,Yinfeng,,891
✗,1811831,Dunzhai,Dunzhai,,890
✗,1809888,Guangping,Guangping,,890
✗,1791756,Wantang,Wantang,,880
✗,1799002,Panyang,Panyang,,880
✗,1815805,Chang’anying,Chang'anying,,880
✗,1800479,Minhe,Minhe,,861
✗,1784315,Longhu,Longhu,,850
✗,1906202,Maolan,Maolan,,848
✗,1807418,Huangjin Yaozuxiang,Huangjin Yaozuxiang,,840
✗,1807417,Huangjin’ao,Huangjin'ao,,830
✗,1799118,Pailou’ao,Pailou'ao,,830
✗,1803989,Liangsan,Liangsan,,820
✗,1792775,Tiepo,Tiepo,,800
✗,13308735,Tang'ao,Tang'ao,,793
✗,1813270,Daxinzhuang,Daxinzhuang,,784
✗,1811884,Shangjiang,Shangjiang,,781
✗,1805076,Jiuxijiang,Jiuxijiang,,770
✗,1790151,Xiaojiangkou,Xiaojiangkou,,770
✗,1800553,Miaozhuang,Miaozhuang,,766
✗,1813717,Daping,Daping,,760
✗,1806007,Jiaoxi,Jiaoxi,,758
✗,7536142,Darchen,Darchen,,754
✗,6252032,Bolinzi,Bolinzi,,754
✗,1789235,Xin’anzhen,Xin'anzhen,,737
✗,1800548,Mibei,Mibei,,730
✗,1803839,Lianzhuang,Lianzhuang,,728
✗,1802727,Lizhuangzi,Lizhuangzi,,704
✗,1813823,Dankou,Dankou,,690
✗,1790045,Xiaoping,Xiaoping,,690
✗,1806663,Huokou,Huokou,,670
✗,1814309,Dahengshang,Dahengshang,,670
✗,1552021,Shatan,Shatan,,660
✗,1788019,Xuedong,Xuedong,,654
✗,1802726,Liziba,Liziba,,650
✗,1792609,Tongmuxi,Tongmuxi,,640
✗,1792551,Tongxihe,Tongxihe,,630
✗,1804260,Le’anpu Miaozudongzuxiang,Le'anpu Miaozudongzuxiang,,620
✗,1816881,Bapan,Bapan,,610
✗,1804017,Liangjiang,Liangjiang,,610
✗,1806392,Jiangdong,Jiangdong,,586
✗,1812813,Dingdan,Dingdan,,584
✗,1801823,Luotuofangzi,Luotuofangzi,,580
✗,1552068,Sanyuanchang,Sanyuanchang,,552
✗,1814488,Dadengzhuang,Dadengzhuang,,550
✗,1794326,Shuping,Shuping,,550
✗,1803078,Liujiading,Liujiading,,540
✗,1797684,Qingtuozi,Qingtuozi,,538
✗,1550094,Mulong,Mulong,,519
✗,13308617,Mawan,Mawan,,502
✗,1804051,Lianghechang,Lianghechang,,500
✗,1791716,Wawu,Wawu,,499
✗,1794997,Shisunchang,Shisunchang,,492
✗,1788735,Xinluhe,Xinluhe,,490
✓,1788809,Xinjian,Xinjian,辛集,490
✗,1793110,Taoying,Taoying,,478
✗,1812965,Dewang,Dewang,,471
✗,1816042,Caodian,Caodian,,465
✗,1785918,Yuelongzhuang,Yuelongzhuang,,463
✗,1552023,Pujiachang,Pujiachang,,450
✗,1784125,Zhouliangzhuang,Zhouliangzhuang,,446
✗,1789003,Xingjuexi,Xingjuexi,,434
✗,1799168,Nuxi,Nuxi,,431
✗,1813478,Datangzhuang,Datangzhuang,,425
✗,13308727,Nanshui Gonye Village,Nanshui Gonye Village,,421
✓,1789206,Xinchang,Xinchang,新昌,420
✓,1789208,Xinchang,Xinchang,新昌,420
✗,1552019,Huoshigang,Huoshigang,,415
✗,1787276,Yangxi,Yangxi,,407
✗,1808270,Hetan,Hetan,,400
✗,1807078,Huanxizhuang,Huanxizhuang,,399
✗,1787436,Yangliushu,Yangliushu,,390
✗,1793323,Tangwan,Tangwan,,370
✗,1795697,Shendu Miaozuxiang,Shendu Miaozuxiang,,320
✗,1817020,Dongbanqiao,Dongbanqiao,,311
✗,13308619,Dachan Island Estate,Dachan Island Estate,,300
✗,1804149,Leshi,Leshi,,300
✗,6697300,申老家,shen lao jia,,300
✗,1811773,Duwu,Duwu,,290
✗,1789756,Xiaxi,Xiaxi,,289
✗,1807223,Huangsangping Miaozuxiang,Huangsangping Miaozuxiang,,280
✗,1788305,Xitazhuang,Xitazhuang,,269
✗,1552061,Heba,Heba,,256
✗,1795062,Shibaosi,Shibaosi,,248
✗,1803977,Liangshuijing,Liangshuijing,,206
✗,13308675,Langyiya Court,Langyiya Court,,200
✗,1799431,Niba,Niba,,200
✗,1810659,Ganxi,Ganxi,,198
✗,1805219,Jiudianya,Jiudianya,,190
✗,1794646,Shuanglongchang,Shuanglongchang,,147
✗,7648251,Htunstar,Htunstar,,123
✗,1550081,Gaolouping,Gaolouping,,121
✗,13308609,Caowei Airport East,Caowei Airport East,,102
✗,13308618,Ximazhou,Ximazhou,,93
✗,13308637,Laohukeng,Laohukeng,,32
✗,13308615,Dongwanzui,Dongwanzui,,5
✗,1280878,Kangxiwar,Kangxiwar,,4
✗,13308613,Dongwancun,Dongwancun,,4
✗,13308614,Lijiao,Lijiao,,2
